id,"code","name",credit,term_id,"created_at","updated_at"
1,"INT3307 1","An toàn và an ninh mạng",3,1,"2016-12-27 04:56:00","2016-12-27 04:56:00"
2,"INT3307 2","An toàn và an ninh mạng",3,1,"2016-12-27 04:56:00","2016-12-27 04:56:00"
3,"PES1030 7","Bóng bàn",1,1,"2016-12-27 04:56:01","2016-12-27 04:56:01"
4,"PES1030 6","Bóng bàn",1,1,"2016-12-27 04:56:01","2016-12-27 04:56:01"
5,"PES1030 8","Bóng bàn",1,1,"2016-12-27 04:56:01","2016-12-27 04:56:01"
6,"PES1030 5","Bóng bàn",1,1,"2016-12-27 04:56:01","2016-12-27 04:56:01"
7,"PES1015 38","Bóng chuyền 1",1,1,"2016-12-27 04:56:02","2016-12-27 04:56:02"
8,"PES1015 35","Bóng chuyền 1",1,1,"2016-12-27 04:56:02","2016-12-27 04:56:02"
9,"PES1015 37","Bóng chuyền 1",1,1,"2016-12-27 04:56:02","2016-12-27 04:56:02"
10,"PES1015 36","Bóng chuyền 1",1,1,"2016-12-27 04:56:02","2016-12-27 04:56:02"
11,"PES1025 8","Bóng đá",1,1,"2016-12-27 04:56:04","2016-12-27 04:56:04"
12,"PES1025 6","Bóng đá",1,1,"2016-12-27 04:56:04","2016-12-27 04:56:04"
13,"PES1025 5","Bóng đá",1,1,"2016-12-27 04:56:04","2016-12-27 04:56:04"
14,"PES1025 7","Bóng đá",1,1,"2016-12-27 04:56:04","2016-12-27 04:56:04"
15,"PES1020 40","Bóng rổ 1",1,1,"2016-12-27 04:56:05","2016-12-27 04:56:05"
16,"PES1020 38","Bóng rổ 1",1,1,"2016-12-27 04:56:05","2016-12-27 04:56:05"
17,"PES1020 37","Bóng rổ 1",1,1,"2016-12-27 04:56:05","2016-12-27 04:56:05"
18,"PES1020 39","Bóng rổ 1",1,1,"2016-12-27 04:56:05","2016-12-27 04:56:05"
19,"EPN3005 1","Các chip sinh học",2,1,"2016-12-27 04:56:06","2016-12-27 04:56:06"
20,"INT 3220","Các chủ đề hiện đại của Hệ thống thông tin",3,1,"2016-12-27 04:56:06","2016-12-27 04:56:06"
21,"EPN3006 1","Các hệ vi cơ điện tử và ứng dụng",2,1,"2016-12-27 04:56:07","2016-12-27 04:56:07"
22,"EMA3119 1","Các phương pháp số trong cơ học vật liệu và kết cấu",4,1,"2016-12-27 04:56:07","2016-12-27 04:56:07"
23,"EPN2023 1","Các phương pháp toán lý",3,1,"2016-12-27 04:56:07","2016-12-27 04:56:07"
24,"INT3507 5","Các vấn đề hiện đại của Công nghệ thông tin",3,1,"2016-12-27 04:56:07","2016-12-27 04:56:07"
25,"INT3507 1","Các vấn đề hiện đại của Công nghệ thông tin",3,1,"2016-12-27 04:56:07","2016-12-27 04:56:07"
26,"INT3507 3","Các vấn đề hiện đại của Công nghệ thông tin",3,1,"2016-12-27 04:56:07","2016-12-27 04:56:07"
27,"INT3507 7","Các vấn đề hiện đại của Công nghệ thông tin",3,1,"2016-12-27 04:56:07","2016-12-27 04:56:07"
28,"INT3507 8","Các vấn đề hiện đại của Công nghệ thông tin",3,1,"2016-12-27 04:56:07","2016-12-27 04:56:07"
29,"INT3507 2","Các vấn đề hiện đại của Công nghệ thông tin",3,1,"2016-12-27 04:56:07","2016-12-27 04:56:07"
30,"INT3507 4","Các vấn đề hiện đại của Công nghệ thông tin",3,1,"2016-12-27 04:56:08","2016-12-27 04:56:08"
31,"INT3011 2","Các vấn đề hiện đại của Khoa học máy tính",3,1,"2016-12-27 04:56:09","2016-12-27 04:56:09"
32,"INT3011 1","Các vấn đề hiện đại của Khoa học máy tính",3,1,"2016-12-27 04:56:09","2016-12-27 04:56:09"
33,"EPN3009 1","Các vật liệu polymer chức năng cấu trúc nanô",2,1,"2016-12-27 04:56:09","2016-12-27 04:56:09"
34,"EPN3010 1","Các vật liệu từ tính cấu trúc nanô và kỹ thuật spin điện tử",2,1,"2016-12-27 04:56:09","2016-12-27 04:56:09"
35,"PES1035 8","Cầu lông",1,1,"2016-12-27 04:56:09","2016-12-27 04:56:09"
36,"PES1035 7","Cầu lông",1,1,"2016-12-27 04:56:09","2016-12-27 04:56:09"
37,"INT2203 3","Cấu trúc dữ liệu và giải thuật",3,1,"2016-12-27 04:56:10","2016-12-27 04:56:10"
38,"INT2203 4","Cấu trúc dữ liệu và giải thuật",3,1,"2016-12-27 04:56:10","2016-12-27 04:56:10"
39,"INT2203 1","Cấu trúc dữ liệu và giải thuật",3,1,"2016-12-27 04:56:10","2016-12-27 04:56:10"
40,"INT2203 7","Cấu trúc dữ liệu và giải thuật",3,1,"2016-12-27 04:56:10","2016-12-27 04:56:10"
41,"INT2203 2","Cấu trúc dữ liệu và giải thuật",3,1,"2016-12-27 04:56:10","2016-12-27 04:56:10"
42,"INT2203 5","Cấu trúc dữ liệu và giải thuật",3,1,"2016-12-27 04:56:10","2016-12-27 04:56:10"
43,"EPN3001","Chẩn đoán phân tử",2,1,"2016-12-27 04:56:12","2016-12-27 04:56:12"
44,"INT 3510 1","Chuẩn kỹ năng của Công nghệ thông tin (FE)",2,1,"2016-12-27 04:56:12","2016-12-27 04:56:12"
45,"ELT2028  3","Chuyên nghiệp trong công nghệ",2,1,"2016-12-27 04:56:12","2016-12-27 04:56:12"
46,"ELT2028 2","Chuyên nghiệp trong công nghệ",2,1,"2016-12-27 04:56:12","2016-12-27 04:56:12"
47,"ELT2028 1","Chuyên nghiệp trong công nghệ",2,1,"2016-12-27 04:56:12","2016-12-27 04:56:12"
48,"PHY1100 2","Cơ - Nhiệt",3,1,"2016-12-27 04:56:13","2016-12-27 04:56:13"
49,"PHY1100 3","Cơ - Nhiệt",3,1,"2016-12-27 04:56:13","2016-12-27 04:56:13"
50,"PHY1100 6","Cơ - Nhiệt",3,1,"2016-12-27 04:56:13","2016-12-27 04:56:13"
51,"PHY1100 5","Cơ - Nhiệt",3,1,"2016-12-27 04:56:13","2016-12-27 04:56:13"
52,"PHY1100 4","Cơ - Nhiệt",3,1,"2016-12-27 04:56:13","2016-12-27 04:56:13"
53,"PHY1100 7","Cơ - Nhiệt",3,1,"2016-12-27 04:56:13","2016-12-27 04:56:13"
54,"PHY1100 1","Cơ - Nhiệt",3,1,"2016-12-27 04:56:13","2016-12-27 04:56:13"
55,"PHY1100 9","Cơ - Nhiệt",3,1,"2016-12-27 04:56:13","2016-12-27 04:56:13"
56,"PHY1100 8","Cơ - Nhiệt",3,1,"2016-12-27 04:56:13","2016-12-27 04:56:13"
57,"PHY1100 11","Cơ - Nhiệt",3,1,"2016-12-27 04:56:14","2016-12-27 04:56:14"
58,"EMA2008 1","Cơ học chất lỏng",3,1,"2016-12-27 04:56:18","2016-12-27 04:56:18"
59,"EMA3012 1","Cơ học chất lỏng thực nghiệm",2,1,"2016-12-27 04:56:18","2016-12-27 04:56:18"
60,"EMA2036 1","Cơ học kỹ thuật 1",3,1,"2016-12-27 04:56:18","2016-12-27 04:56:18"
61,"EMA2036 2","Cơ học kỹ thuật 1",3,1,"2016-12-27 04:56:18","2016-12-27 04:56:18"
62,"EMA3015","Cơ học vật liệu composite",2,1,"2016-12-27 04:56:19","2016-12-27 04:56:19"
63,"EMA 2007 1","Cơ học vật thể biến dạng",3,1,"2016-12-27 04:56:19","2016-12-27 04:56:19"
64,"INT2207 1","Cơ sở dữ liệu",3,1,"2016-12-27 04:56:20","2016-12-27 04:56:20"
65,"INT2207 2","Cơ sở dữ liệu",3,1,"2016-12-27 04:56:20","2016-12-27 04:56:20"
66,"INT2207 6","Cơ sở dữ liệu",3,1,"2016-12-27 04:56:20","2016-12-27 04:56:20"
67,"INT2207 3","Cơ sở dữ liệu",3,1,"2016-12-27 04:56:20","2016-12-27 04:56:20"
68,"INT2207 4","Cơ sở dữ liệu",3,1,"2016-12-27 04:56:20","2016-12-27 04:56:20"
69,"INT2207 5","Cơ sở dữ liệu",3,1,"2016-12-27 04:56:20","2016-12-27 04:56:20"
70,"INT2037","Cơ sở dữ liệu phân tán",2,1,"2016-12-27 04:56:22","2016-12-27 04:56:22"
71,"EPN3002 1","Công nghệ ADN tái tổ hợp",2,1,"2016-12-27 04:56:22","2016-12-27 04:56:22"
72,"EMA3004 1","Công nghệ CAD/CAM/CNC",2,1,"2016-12-27 04:56:22","2016-12-27 04:56:22"
73,"EMA3005 1","Công nghệ chế tạo máy",3,1,"2016-12-27 04:56:22","2016-12-27 04:56:22"
74,"EMA 3006 1","Công nghệ gia công phi truyền thống và tạo mẫu nhanh",3,1,"2016-12-27 04:56:22","2016-12-27 04:56:22"
75,"EPN3003 1","Công nghệ nanô sinh học",2,1,"2016-12-27 04:56:22","2016-12-27 04:56:22"
76,"INT2208 1","Công nghệ phần mềm",3,1,"2016-12-27 04:56:22","2016-12-27 04:56:22"
77,"EMA3096 1","Công trình biển ngoài khơi, độ tin cậy và đồ án",4,1,"2016-12-27 04:56:22","2016-12-27 04:56:22"
78,"EMA3097 1","Công trình biển ven bờ (đê, cảng, đường ống, bể chứa) và đồ án",4,1,"2016-12-27 04:56:22","2016-12-27 04:56:22"
79,"EMA3022 1","Dòng chảy hai pha",2,1,"2016-12-27 04:56:22","2016-12-27 04:56:22"
80,"EMA3023","Dòng chảy trong môi trường rỗng",2,1,"2016-12-27 04:56:23","2016-12-27 04:56:23"
81,"MAT1093 2","Đại số",4,1,"2016-12-27 04:56:23","2016-12-27 04:56:23"
82,"MAT1093 3","Đại số",4,1,"2016-12-27 04:56:23","2016-12-27 04:56:23"
83,"MAT1093 7","Đại số",4,1,"2016-12-27 04:56:23","2016-12-27 04:56:23"
84,"MAT1093 4","Đại số",4,1,"2016-12-27 04:56:23","2016-12-27 04:56:23"
85,"MAT1093 1","Đại số",4,1,"2016-12-27 04:56:23","2016-12-27 04:56:23"
86,"MAT1093 5","Đại số",4,1,"2016-12-27 04:56:23","2016-12-27 04:56:23"
87,"MAT1093 6","Đại số",4,1,"2016-12-27 04:56:23","2016-12-27 04:56:23"
88,"INT3308 1","Đánh giá hiệu năng mạng",3,1,"2016-12-27 04:56:25","2016-12-27 04:56:25"
89,"ELT2038","Đề tài và kỹ thuật hệ thống",4,1,"2016-12-27 04:56:26","2016-12-27 04:56:26"
90,"EMA3065","Điện tử công suất",2,1,"2016-12-27 04:56:26","2016-12-27 04:56:26"
91,"EMA3100 1","Điện tử công suất, điều khiển động cơ và đồ án",4,1,"2016-12-27 04:56:26","2016-12-27 04:56:26"
92,"PHY1103","Điện và Quang",3,1,"2016-12-27 04:56:26","2016-12-27 04:56:26"
93,"EMA 3062","Điều khiển PLC",3,1,"2016-12-27 04:56:26","2016-12-27 04:56:26"
94,"EMA3095 1","Đồ án thủy động lực học - môi trường biển",2,1,"2016-12-27 04:56:27","2016-12-27 04:56:27"
95,"EMA4050 1","Đồ án tốt nghiệp",10,1,"2016-12-27 04:56:27","2016-12-27 04:56:27"
96,"EMA3091 1","Động lực học sông và đồ án",4,1,"2016-12-27 04:56:27","2016-12-27 04:56:27"
97,"EMA3120","Động lực học trong công trình",4,1,"2016-12-27 04:56:27","2016-12-27 04:56:27"
98,"HIS1002 1","Đường lối cách mạng của Đảng Cộng sản Việt Nam",3,1,"2016-12-27 04:56:27","2016-12-27 04:56:27"
99,"HIS1002 2","Đường lối cách mạng của Đảng Cộng sản Việt Nam",3,1,"2016-12-27 04:56:27","2016-12-27 04:56:27"
100,"HIS1002 5","Đường lối cách mạng của Đảng Cộng sản Việt Nam",3,1,"2016-12-27 04:56:27","2016-12-27 04:56:27"
101,"HIS1002 4","Đường lối cách mạng của Đảng Cộng sản Việt Nam",3,1,"2016-12-27 04:56:27","2016-12-27 04:56:27"
102,"HIS1002 3","Đường lối cách mạng của Đảng Cộng sản Việt Nam",3,1,"2016-12-27 04:56:27","2016-12-27 04:56:27"
103,"MAT1041 2","Giải tích 1",4,1,"2016-12-27 04:56:30","2016-12-27 04:56:30"
104,"MAT1041 6","Giải tích 1",4,1,"2016-12-27 04:56:30","2016-12-27 04:56:30"
105,"MAT1041 3","Giải tích 1",4,1,"2016-12-27 04:56:30","2016-12-27 04:56:30"
106,"MAT1041 11","Giải tích 1",4,1,"2016-12-27 04:56:30","2016-12-27 04:56:30"
107,"MAT1041 10","Giải tích 1",4,1,"2016-12-27 04:56:30","2016-12-27 04:56:30"
108,"MAT1041 12","Giải tích 1",4,1,"2016-12-27 04:56:30","2016-12-27 04:56:30"
109,"MAT1041 14","Giải tích 1",4,1,"2016-12-27 04:56:30","2016-12-27 04:56:30"
110,"MAT1041 7","Giải tích 1",4,1,"2016-12-27 04:56:30","2016-12-27 04:56:30"
111,"MAT1041 4","Giải tích 1",4,1,"2016-12-27 04:56:30","2016-12-27 04:56:30"
112,"MAT1041 1","Giải tích 1",4,1,"2016-12-27 04:56:30","2016-12-27 04:56:30"
113,"MAT1041 9","Giải tích 1",4,1,"2016-12-27 04:56:30","2016-12-27 04:56:30"
114,"MAT1041 8","Giải tích 1",4,1,"2016-12-27 04:56:30","2016-12-27 04:56:30"
115,"MAT1041 5","Giải tích 1",4,1,"2016-12-27 04:56:31","2016-12-27 04:56:31"
116,"MAT1041 13","Giải tích 1",4,1,"2016-12-27 04:56:32","2016-12-27 04:56:32"
117,"MAT1042 1","Giải tích 2",4,1,"2016-12-27 04:56:35","2016-12-27 04:56:35"
118,"EMA3083","Hệ thống cơ điện tử",3,1,"2016-12-27 04:56:35","2016-12-27 04:56:35"
119,"ELT3071 1","Hệ thống nhúng thời gian thực",3,1,"2016-12-27 04:56:36","2016-12-27 04:56:36"
120,"ELT3077","Hệ thống robot thông minh",3,1,"2016-12-27 04:56:36","2016-12-27 04:56:36"
121,"ELT3048 1","Hệ thống vi xử lý",3,1,"2016-12-27 04:56:36","2016-12-27 04:56:36"
122,"INT3209 1","Khai phá dữ liệu",3,1,"2016-12-27 04:56:36","2016-12-27 04:56:36"
123,"INT3209 2","Khai phá dữ liệu",3,1,"2016-12-27 04:56:36","2016-12-27 04:56:36"
124,"INT3207 1","Kho dữ liệu",3,1,"2016-12-27 04:56:37","2016-12-27 04:56:37"
125,"INT3501 1","Khoa học dịch vụ",3,1,"2016-12-27 04:56:37","2016-12-27 04:56:37"
126,"MNS1052 1","Khoa học quản lý đại cương",2,1,"2016-12-27 04:56:37","2016-12-27 04:56:37"
127,"INT 4050NVCL","Khóa luận tốt nghiệp",10,1,"2016-12-27 04:56:38","2016-12-27 04:56:38"
128,"INT4050chuan","Khóa luận tốt nghiệp",7,1,"2016-12-27 04:56:38","2016-12-27 04:56:38"
129,"INT3117 1","Kiểm thử và đảm bảo chất lượng phần mềm",3,1,"2016-12-27 04:56:38","2016-12-27 04:56:38"
130,"INT3505","Kiến trúc hướng dịch vụ",3,1,"2016-12-27 04:56:38","2016-12-27 04:56:38"
131,"INT2205 3","Kiến trúc máy tính",3,1,"2016-12-27 04:56:38","2016-12-27 04:56:38"
132,"INT2205 4","Kiến trúc máy tính",3,1,"2016-12-27 04:56:38","2016-12-27 04:56:38"
133,"INT2205 1","Kiến trúc máy tính",3,1,"2016-12-27 04:56:38","2016-12-27 04:56:38"
134,"INT2205 2","Kiến trúc máy tính",3,1,"2016-12-27 04:56:38","2016-12-27 04:56:38"
135,"ELT3047","Kiến trúc máy tính",3,1,"2016-12-27 04:56:38","2016-12-27 04:56:38"
136,"INT2205 5","Kiến trúc máy tính",3,1,"2016-12-27 04:56:38","2016-12-27 04:56:38"
137,"INT 2013 1","Kiến trúc máy tính và mạng truyền thông công nghiệp",3,1,"2016-12-27 04:56:40","2016-12-27 04:56:40"
138,"INE1050 2","Kinh tế vi mô",3,1,"2016-12-27 04:56:41","2016-12-27 04:56:41"
139,"INE1050 1","Kinh tế vi mô",3,1,"2016-12-27 04:56:41","2016-12-27 04:56:41"
140,"EPN3053 1","Kỹ thuật bảo vệ vật liệu và ứng dụng",2,1,"2016-12-27 04:56:41","2016-12-27 04:56:41"
141,"ELT2030 1","Kỹ thuật điện",3,1,"2016-12-27 04:56:41","2016-12-27 04:56:41"
142,"EMA3099 1","Kỹ thuật đo lường, đầu đo và đồ án",4,1,"2016-12-27 04:56:42","2016-12-27 04:56:42"
143,"EMA3090","Kỹ thuật hiển thị máy tính",2,1,"2016-12-27 04:56:42","2016-12-27 04:56:42"
144,"EPN 2002 1","Kỹ thuật hóa học và ứng dụng",3,1,"2016-12-27 04:56:42","2016-12-27 04:56:42"
145,"EPN2003 1","Kỹ thuật màng mỏng và công nghệ nanô",2,1,"2016-12-27 04:56:42","2016-12-27 04:56:42"
146,"EMA2010 1","Kỹ thuật mô hình-mô phỏng",2,1,"2016-12-27 04:56:42","2016-12-27 04:56:42"
147,"EMA3028 1","Kỹ thuật xung - số - tương tự và kỹ thuật đo và điều khiển",3,1,"2016-12-27 04:56:42","2016-12-27 04:56:42"
148,"INT2204 1","Lập trình hướng đối tượng",3,1,"2016-12-27 04:56:43","2016-12-27 04:56:43"
149,"INT2204 3","Lập trình hướng đối tượng",3,1,"2016-12-27 04:56:43","2016-12-27 04:56:43"
150,"INT2204 4","Lập trình hướng đối tượng",3,1,"2016-12-27 04:56:43","2016-12-27 04:56:43"
151,"INT2204 2","Lập trình hướng đối tượng",3,1,"2016-12-27 04:56:43","2016-12-27 04:56:43"
152,"INT2204 5","Lập trình hướng đối tượng",3,1,"2016-12-27 04:56:43","2016-12-27 04:56:43"
153,"INT3304 1","Lập trình mạng",3,1,"2016-12-27 04:56:44","2016-12-27 04:56:44"
154,"INT3512","Lập trình thi đấu",3,1,"2016-12-27 04:56:45","2016-12-27 04:56:45"
155,"EMA2021 1","Linh kiện bán dẫn và vi mạch",2,1,"2016-12-27 04:56:45","2016-12-27 04:56:45"
156,"ELT 2032 1","Linh kiện điện tử",3,1,"2016-12-27 04:56:45","2016-12-27 04:56:45"
157,"ELT 2032 2","Linh kiện điện tử",3,1,"2016-12-27 04:56:45","2016-12-27 04:56:45"
158,"PES1550 38","Lý luận GDTC và các môn thể thao cơ bản",1,1,"2016-12-27 04:56:46","2016-12-27 04:56:46"
159,"EMA3118","Lý thuyết tấm và vỏ",4,1,"2016-12-27 04:56:46","2016-12-27 04:56:46"
160,"INT2044","Lý thuyết thông tin",3,1,"2016-12-27 04:56:46","2016-12-27 04:56:46"
161,"INT3303 1","Mạng không dây",3,1,"2016-12-27 04:56:46","2016-12-27 04:56:46"
162,"ELT 3062 1","Mạng truyền thông máy tính 2",3,1,"2016-12-27 04:56:47","2016-12-27 04:56:47"
163,"EMA 2006 1","Matlab và ứng dụng",3,1,"2016-12-27 04:56:47","2016-12-27 04:56:47"
164,"EMA 2006 2","Matlab và ứng dụng",3,1,"2016-12-27 04:56:47","2016-12-27 04:56:47"
165,"EMA3093 1","Máy - thiết bị thủy khí và đồ án",4,1,"2016-12-27 04:56:48","2016-12-27 04:56:48"
166,"EMA 3035 1","Máy công cụ - CNC",3,1,"2016-12-27 04:56:48","2016-12-27 04:56:48"
167,"ELT3063 1","Mô hình hóa và mô phỏng mạng",3,1,"2016-12-27 04:56:48","2016-12-27 04:56:48"
168,"EPN 2004 1","Mô hình hóa và mô phỏng trong Vật lý",3,1,"2016-12-27 04:56:48","2016-12-27 04:56:48"
169,"EMA3098 1","Mô phỏng và thiết kế hệ cơ điện tử và đồ án",4,1,"2016-12-27 04:56:48","2016-12-27 04:56:48"
170,"ELT2039","Nguyên lý kỹ thuật điện tử",2,1,"2016-12-27 04:56:48","2016-12-27 04:56:48"
171,"BSA2002 1","Nguyên lý marketing",3,1,"2016-12-27 04:56:49","2016-12-27 04:56:49"
172,"INT3213 1","Nhập môn an toàn thông tin",3,1,"2016-12-27 04:56:49","2016-12-27 04:56:49"
173,"EMA3039","Nhập môn cơ điện tử",2,1,"2016-12-27 04:56:49","2016-12-27 04:56:49"
174,"EMA 2017","Nhiệt động lực học kỹ thuật",2,1,"2016-12-27 04:56:49","2016-12-27 04:56:49"
175,"EMA2017","Nhiệt kỹ thuật",2,1,"2016-12-27 04:56:50","2016-12-27 04:56:50"
176,"PHI1004 2","Những nguyên lý cơ bản của Chủ nghĩa Mác-Lênin 1",2,1,"2016-12-27 04:56:50","2016-12-27 04:56:50"
177,"PHI1004 6","Những nguyên lý cơ bản của Chủ nghĩa Mác-Lênin 1",2,1,"2016-12-27 04:56:50","2016-12-27 04:56:50"
178,"PHI1004 3","Những nguyên lý cơ bản của Chủ nghĩa Mác-Lênin 1",2,1,"2016-12-27 04:56:50","2016-12-27 04:56:50"
179,"PHI1004 4","Những nguyên lý cơ bản của Chủ nghĩa Mác-Lênin 1",2,1,"2016-12-27 04:56:50","2016-12-27 04:56:50"
180,"PHI1004 5","Những nguyên lý cơ bản của Chủ nghĩa Mác-Lênin 1",2,1,"2016-12-27 04:56:50","2016-12-27 04:56:50"
181,"PHI1004 7","Những nguyên lý cơ bản của Chủ nghĩa Mác-Lênin 1",2,1,"2016-12-27 04:56:50","2016-12-27 04:56:50"
182,"PHI1004 1","Những nguyên lý cơ bản của Chủ nghĩa Mác-Lênin 1",2,1,"2016-12-27 04:56:50","2016-12-27 04:56:50"
183,"PHI1004 8","Những nguyên lý cơ bản của Chủ nghĩa Mác-Lênin 1",2,1,"2016-12-27 04:56:50","2016-12-27 04:56:50"
184,"PHI1004 9","Những nguyên lý cơ bản của Chủ nghĩa Mác-Lênin 1",2,1,"2016-12-27 04:56:50","2016-12-27 04:56:50"
185,"INT4051 1","Niên luận",2,1,"2016-12-27 04:56:54","2016-12-27 04:56:54"
186,"INT 2020","Phân tích thiết kế các hệ thống thông tin",3,1,"2016-12-27 04:56:54","2016-12-27 04:56:54"
187,"INT3110","Phân tích và thiết kế hướng đối tượng",3,1,"2016-12-27 04:56:55","2016-12-27 04:56:55"
188,"INT3309","Phân tích và thiết kế mạng máy tính",3,1,"2016-12-27 04:56:55","2016-12-27 04:56:55"
189,"INT3306 2","Phát triển ứng dụng Web",3,1,"2016-12-27 04:56:55","2016-12-27 04:56:55"
190,"INT3306 1","Phát triển ứng dụng Web",3,1,"2016-12-27 04:56:55","2016-12-27 04:56:55"
191,"INT3306 3","Phát triển ứng dụng Web",3,1,"2016-12-27 04:56:55","2016-12-27 04:56:55"
192,"INT3306 4","Phát triển ứng dụng Web",3,1,"2016-12-27 04:56:55","2016-12-27 04:56:55"
193,"MAT 1099 2","Phương pháp tính",3,1,"2016-12-27 04:56:56","2016-12-27 04:56:56"
194,"MAT1099 3","Phương pháp tính",2,1,"2016-12-27 04:56:56","2016-12-27 04:56:56"
195,"MAT1099 4","Phương pháp tính",2,1,"2016-12-27 04:56:57","2016-12-27 04:56:57"
196,"MAT 1099 1","Phương pháp tính",3,1,"2016-12-27 04:56:57","2016-12-27 04:56:57"
197,"EMA 2011 2","Phương pháp tính trong kỹ thuật",3,1,"2016-12-27 04:56:57","2016-12-27 04:56:57"
198,"EMA 2011 3","Phương pháp tính trong kỹ thuật",3,1,"2016-12-27 04:56:57","2016-12-27 04:56:57"
199,"EMA2041 1","Phương trình vi phân và đạo hàm riêng",4,1,"2016-12-27 04:56:58","2016-12-27 04:56:58"
200,"INT3111 1","Quản lý dự án phần mềm",3,1,"2016-12-27 04:56:58","2016-12-27 04:56:58"
201,"INT3310 1","Quản trị mạng",3,1,"2016-12-27 04:56:59","2016-12-27 04:56:59"
202,"EPN3017 1","Quang phổ chất rắn",2,1,"2016-12-27 04:56:59","2016-12-27 04:56:59"
203,"EPN3020 1","Quang tử nanô",2,1,"2016-12-27 04:56:59","2016-12-27 04:56:59"
204,"EMA3085 1","Robot công nghiệp",2,1,"2016-12-27 04:56:59","2016-12-27 04:56:59"
205,"EPN3022 1","Sinh học đại cương",2,1,"2016-12-27 04:56:59","2016-12-27 04:56:59"
206,"EPN3021","Sinh học phân tử",2,1,"2016-12-27 04:57:00","2016-12-27 04:57:00"
207,"EMA2012 2","Sức bền vật liệu và cơ học kết cấu",4,1,"2016-12-27 04:57:00","2016-12-27 04:57:00"
208,"EMA2012 1","Sức bền vật liệu và cơ học kết cấu",4,1,"2016-12-27 04:57:00","2016-12-27 04:57:00"
209,"PES 1050 15","Taekwondo",1,1,"2016-12-27 04:57:00","2016-12-27 04:57:00"
210,"PES 1050 16","Taekwondo",1,1,"2016-12-27 04:57:00","2016-12-27 04:57:00"
211,"INT3412 2","Thị giác máy",3,1,"2016-12-27 04:57:01","2016-12-27 04:57:01"
212,"EPN3024","Thiết bị quang tử",2,1,"2016-12-27 04:57:01","2016-12-27 04:57:01"
213,"ELT2034 1","Thiết kế điện tử số",4,1,"2016-12-27 04:57:01","2016-12-27 04:57:01"
214,"ELT2034 2","Thiết kế điện tử số",4,1,"2016-12-27 04:57:01","2016-12-27 04:57:01"
215,"INT3115 1","Thiết kế giao diện người dùng",3,1,"2016-12-27 04:57:02","2016-12-27 04:57:02"
216,"INT3115 3","Thiết kế giao diện người dùng",3,1,"2016-12-27 04:57:02","2016-12-27 04:57:02"
217,"INT3115 2","Thiết kế giao diện người dùng",3,1,"2016-12-27 04:57:02","2016-12-27 04:57:02"
218,"ELT3069 1","Thiết kế hệ thống máy tính nhúng",3,1,"2016-12-27 04:57:03","2016-12-27 04:57:03"
219,"EPN 3027 1","Thực hành các phương pháp thực nghiệm nano sinh học",3,1,"2016-12-27 04:57:03","2016-12-27 04:57:03"
220,"INT3301 1","Thực hành hệ điều hành mạng",3,1,"2016-12-27 04:57:03","2016-12-27 04:57:03"
221,"INT3301 2","Thực hành hệ điều hành mạng",3,1,"2016-12-27 04:57:03","2016-12-27 04:57:03"
222,"INT 2039","Thực hành Phân tích thiết kế các hệ thống thông tin",3,1,"2016-12-27 04:57:03","2016-12-27 04:57:03"
223,"INT 2040","Thực hành Quản lý Dự án hệ thống thông tin",5,1,"2016-12-27 04:57:04","2016-12-27 04:57:04"
224,"PHY1104 1","Thực hành Vật lý đại cương",2,1,"2016-12-27 04:57:04","2016-12-27 04:57:04"
225,"PHY1104 2","Thực hành Vật lý đại cương",2,1,"2016-12-27 04:57:04","2016-12-27 04:57:04"
226,"PHY1104 3","Thực hành Vật lý đại cương",2,1,"2016-12-27 04:57:04","2016-12-27 04:57:04"
227,"ELT 3086 1","Thực tập chuyên đề",3,1,"2016-12-27 04:57:04","2016-12-27 04:57:04"
228,"EPN 3030 1","Thực tập chuyên đề Công nghệ nano",3,1,"2016-12-27 04:57:04","2016-12-27 04:57:04"
229,"EPN 3029","Thực tập chuyên đề Công nghệ quang tử",3,1,"2016-12-27 04:57:04","2016-12-27 04:57:04"
230,"INT3508He","Thực tập chuyên ngành",3,1,"2016-12-27 04:57:04","2016-12-27 04:57:04"
231,"INT3044 1","Thực tập chuyên ngành",3,1,"2016-12-27 04:57:05","2016-12-27 04:57:05"
232,"INT3314He","Thực tập chuyên ngành Truyền thông và Mạng máy tính",3,1,"2016-12-27 04:57:06","2016-12-27 04:57:06"
233,"ELT2037","Thực tập thiết kế hệ thống",4,1,"2016-12-27 04:57:06","2016-12-27 04:57:06"
234,"EMA3094 1","Thủy động lực học - môi trường biển",4,1,"2016-12-27 04:57:06","2016-12-27 04:57:06"
235,"EMA2031 1","Thủy khí động lực ứng dụng",2,1,"2016-12-27 04:57:06","2016-12-27 04:57:06"
236,"INT3211","Tích hợp hệ thống",3,1,"2016-12-27 04:57:06","2016-12-27 04:57:06"
237,"FLF1105 11","Tiếng Anh A1",4,1,"2016-12-27 04:57:06","2016-12-27 04:57:06"
238,"FLF1105 3","Tiếng Anh A1",4,1,"2016-12-27 04:57:06","2016-12-27 04:57:06"
239,"FLF1105 14","Tiếng Anh A1",4,1,"2016-12-27 04:57:06","2016-12-27 04:57:06"
240,"FLF1105 5","Tiếng Anh A1",4,1,"2016-12-27 04:57:06","2016-12-27 04:57:06"
241,"FLF1105 1","Tiếng Anh A1",4,1,"2016-12-27 04:57:06","2016-12-27 04:57:06"
242,"FLF1105 4","Tiếng Anh A1",4,1,"2016-12-27 04:57:06","2016-12-27 04:57:06"
243,"FLF1105 26","Tiếng Anh A1",4,1,"2016-12-27 04:57:06","2016-12-27 04:57:06"
244,"FLF1105 16","Tiếng Anh A1",4,1,"2016-12-27 04:57:06","2016-12-27 04:57:06"
245,"FLF1105 23","Tiếng Anh A1",4,1,"2016-12-27 04:57:06","2016-12-27 04:57:06"
246,"FLF1105 2","Tiếng Anh A1",4,1,"2016-12-27 04:57:06","2016-12-27 04:57:06"
247,"FLF1105 27","Tiếng Anh A1",4,1,"2016-12-27 04:57:06","2016-12-27 04:57:06"
248,"FLF1105 20","Tiếng Anh A1",4,1,"2016-12-27 04:57:06","2016-12-27 04:57:06"
249,"FLF1105 7","Tiếng Anh A1",4,1,"2016-12-27 04:57:06","2016-12-27 04:57:06"
250,"FLF1105 18","Tiếng Anh A1",4,1,"2016-12-27 04:57:06","2016-12-27 04:57:06"
251,"FLF1105 24","Tiếng Anh A1",4,1,"2016-12-27 04:57:06","2016-12-27 04:57:06"
252,"FLF1105 17","Tiếng Anh A1",4,1,"2016-12-27 04:57:06","2016-12-27 04:57:06"
253,"FLF1105 25","Tiếng Anh A1",4,1,"2016-12-27 04:57:07","2016-12-27 04:57:07"
254,"FLF1105 13","Tiếng Anh A1",4,1,"2016-12-27 04:57:07","2016-12-27 04:57:07"
255,"FLF1106 1","Tiếng Anh A2",5,1,"2016-12-27 04:57:07","2016-12-27 04:57:07"
256,"FLF1106mien","Tiếng Anh A2",5,1,"2016-12-27 04:57:07","2016-12-27 04:57:07"
257,"FLF1107 14","Tiếng Anh B1",5,1,"2016-12-27 04:57:07","2016-12-27 04:57:07"
258,"FLF1107 15","Tiếng Anh B1",5,1,"2016-12-27 04:57:07","2016-12-27 04:57:07"
259,"FLF1107 10","Tiếng Anh B1",5,1,"2016-12-27 04:57:07","2016-12-27 04:57:07"
260,"FLF1107 2","Tiếng Anh B1",5,1,"2016-12-27 04:57:07","2016-12-27 04:57:07"
261,"FLF1107 5","Tiếng Anh B1",5,1,"2016-12-27 04:57:07","2016-12-27 04:57:07"
262,"FLF1107mien","Tiếng Anh B1",5,1,"2016-12-27 04:57:07","2016-12-27 04:57:07"
263,"FLF1107 1","Tiếng Anh B1",5,1,"2016-12-27 04:57:07","2016-12-27 04:57:07"
264,"FLF1107 6","Tiếng Anh B1",5,1,"2016-12-27 04:57:07","2016-12-27 04:57:07"
265,"FLF1107 8","Tiếng Anh B1",5,1,"2016-12-27 04:57:07","2016-12-27 04:57:07"
266,"FLF1107 16","Tiếng Anh B1",5,1,"2016-12-27 04:57:07","2016-12-27 04:57:07"
267,"FLF1107 7","Tiếng Anh B1",5,1,"2016-12-27 04:57:07","2016-12-27 04:57:07"
268,"FLF1107 3","Tiếng Anh B1",5,1,"2016-12-27 04:57:07","2016-12-27 04:57:07"
269,"FLF1107 13","Tiếng Anh B1",5,1,"2016-12-27 04:57:07","2016-12-27 04:57:07"
270,"FLF1107 9","Tiếng Anh B1",5,1,"2016-12-27 04:57:07","2016-12-27 04:57:07"
271,"FLF2101 4","Tiếng Anh cơ sở 1",4,1,"2016-12-27 04:57:07","2016-12-27 04:57:07"
272,"FLF2101 16","Tiếng Anh cơ sở 1",4,1,"2016-12-27 04:57:07","2016-12-27 04:57:07"
273,"FLF2101 8","Tiếng Anh cơ sở 1",4,1,"2016-12-27 04:57:07","2016-12-27 04:57:07"
274,"FLF2101 30","Tiếng Anh cơ sở 1",4,1,"2016-12-27 04:57:07","2016-12-27 04:57:07"
275,"FLF2101 19","Tiếng Anh cơ sở 1",4,1,"2016-12-27 04:57:07","2016-12-27 04:57:07"
276,"FLF2101 28","Tiếng Anh cơ sở 1",4,1,"2016-12-27 04:57:07","2016-12-27 04:57:07"
277,"FLF2101 32","Tiếng Anh cơ sở 1",4,1,"2016-12-27 04:57:07","2016-12-27 04:57:07"
278,"FLF2101 17","Tiếng Anh cơ sở 1",4,1,"2016-12-27 04:57:07","2016-12-27 04:57:07"
279,"FLF2101 33","Tiếng Anh cơ sở 1",4,1,"2016-12-27 04:57:07","2016-12-27 04:57:07"
280,"FLF2101 20","Tiếng Anh cơ sở 1",4,1,"2016-12-27 04:57:07","2016-12-27 04:57:07"
281,"FLF2101 10","Tiếng Anh cơ sở 1",4,1,"2016-12-27 04:57:07","2016-12-27 04:57:07"
282,"FLF2101 7","Tiếng Anh cơ sở 1",4,1,"2016-12-27 04:57:07","2016-12-27 04:57:07"
283,"FLF2101 3","Tiếng Anh cơ sở 1",4,1,"2016-12-27 04:57:07","2016-12-27 04:57:07"
284,"FLF2101 25","Tiếng Anh cơ sở 1",4,1,"2016-12-27 04:57:07","2016-12-27 04:57:07"
285,"FLF2101 1","Tiếng Anh cơ sở 1",4,1,"2016-12-27 04:57:07","2016-12-27 04:57:07"
286,"FLF2101 18","Tiếng Anh cơ sở 1",4,1,"2016-12-27 04:57:07","2016-12-27 04:57:07"
287,"FLF2101 22","Tiếng Anh cơ sở 1",4,1,"2016-12-27 04:57:07","2016-12-27 04:57:07"
288,"FLF2101 27","Tiếng Anh cơ sở 1",4,1,"2016-12-27 04:57:08","2016-12-27 04:57:08"
289,"FLF2101 13","Tiếng Anh cơ sở 1",4,1,"2016-12-27 04:57:08","2016-12-27 04:57:08"
290,"FLF2101 12","Tiếng Anh cơ sở 1",4,1,"2016-12-27 04:57:08","2016-12-27 04:57:08"
291,"FLF2101 11","Tiếng Anh cơ sở 1",4,1,"2016-12-27 04:57:08","2016-12-27 04:57:08"
292,"FLF2101 34","Tiếng Anh cơ sở 1",4,1,"2016-12-27 04:57:08","2016-12-27 04:57:08"
293,"FLF2101 2","Tiếng Anh cơ sở 1",4,1,"2016-12-27 04:57:08","2016-12-27 04:57:08"
294,"FLF2101 29","Tiếng Anh cơ sở 1",4,1,"2016-12-27 04:57:08","2016-12-27 04:57:08"
295,"FLF2101 5","Tiếng Anh cơ sở 1",4,1,"2016-12-27 04:57:08","2016-12-27 04:57:08"
296,"FLF2101 31","Tiếng Anh cơ sở 1",4,1,"2016-12-27 04:57:08","2016-12-27 04:57:08"
297,"FLF2101 21","Tiếng Anh cơ sở 1",4,1,"2016-12-27 04:57:09","2016-12-27 04:57:09"
298,"FLF2101 26","Tiếng Anh cơ sở 1",4,1,"2016-12-27 04:57:09","2016-12-27 04:57:09"
299,"FLF2101 23","Tiếng Anh cơ sở 1",4,1,"2016-12-27 04:57:09","2016-12-27 04:57:09"
300,"FLF2101 9","Tiếng Anh cơ sở 1",4,1,"2016-12-27 04:57:10","2016-12-27 04:57:10"
301,"FLF2101 14","Tiếng Anh cơ sở 1",4,1,"2016-12-27 04:57:10","2016-12-27 04:57:10"
302,"FLF2101 24","Tiếng Anh cơ sở 1",4,1,"2016-12-27 04:57:10","2016-12-27 04:57:10"
303,"FLF2101 15","Tiếng Anh cơ sở 1",4,1,"2016-12-27 04:57:11","2016-12-27 04:57:11"
304,"FLF2102mien","Tiếng Anh cơ sở 2",5,1,"2016-12-27 04:57:12","2016-12-27 04:57:12"
305,"FLF2102","Tiếng Anh cơ sở 2",5,1,"2016-12-27 04:57:12","2016-12-27 04:57:12"
306,"FLF2103 14","Tiếng Anh cơ sở 3",5,1,"2016-12-27 04:57:12","2016-12-27 04:57:12"
307,"FLF2103 13","Tiếng Anh cơ sở 3",5,1,"2016-12-27 04:57:12","2016-12-27 04:57:12"
308,"FLF2103 8","Tiếng Anh cơ sở 3",5,1,"2016-12-27 04:57:12","2016-12-27 04:57:12"
309,"FLF2103 10","Tiếng Anh cơ sở 3",5,1,"2016-12-27 04:57:12","2016-12-27 04:57:12"
310,"FLF2103 1","Tiếng Anh cơ sở 3",5,1,"2016-12-27 04:57:12","2016-12-27 04:57:12"
311,"FLF2103 5","Tiếng Anh cơ sở 3",5,1,"2016-12-27 04:57:12","2016-12-27 04:57:12"
312,"FLF2103 9","Tiếng Anh cơ sở 3",5,1,"2016-12-27 04:57:12","2016-12-27 04:57:12"
313,"FLF2103 15","Tiếng Anh cơ sở 3",5,1,"2016-12-27 04:57:12","2016-12-27 04:57:12"
314,"FLF2103 7","Tiếng Anh cơ sở 3",5,1,"2016-12-27 04:57:12","2016-12-27 04:57:12"
315,"FLF2103 16","Tiếng Anh cơ sở 3",5,1,"2016-12-27 04:57:12","2016-12-27 04:57:12"
316,"FLF2103mien","Tiếng Anh cơ sở 3",5,1,"2016-12-27 04:57:12","2016-12-27 04:57:12"
317,"FLF2103 2","Tiếng Anh cơ sở 3",5,1,"2016-12-27 04:57:12","2016-12-27 04:57:12"
318,"FLF2103 3","Tiếng Anh cơ sở 3",5,1,"2016-12-27 04:57:12","2016-12-27 04:57:12"
319,"FLF2103 6","Tiếng Anh cơ sở 3",5,1,"2016-12-27 04:57:12","2016-12-27 04:57:12"
320,"FLF2104","Tiếng Anh cơ sở 4",5,1,"2016-12-27 04:57:13","2016-12-27 04:57:13"
321,"FLF2105","Tiếng Anh cơ sở 5",5,1,"2016-12-27 04:57:13","2016-12-27 04:57:13"
322,"ELT2035 6","Tín hiệu và hệ thống",3,1,"2016-12-27 04:57:14","2016-12-27 04:57:14"
323,"ELT2035 3","Tín hiệu và hệ thống",3,1,"2016-12-27 04:57:14","2016-12-27 04:57:14"
324,"ELT2035 4","Tín hiệu và hệ thống",3,1,"2016-12-27 04:57:14","2016-12-27 04:57:14"
325,"ELT2035 1","Tín hiệu và hệ thống",3,1,"2016-12-27 04:57:14","2016-12-27 04:57:14"
326,"ELT2035 11","Tín hiệu và hệ thống",3,1,"2016-12-27 04:57:14","2016-12-27 04:57:14"
327,"ELT2035 8","Tín hiệu và hệ thống",3,1,"2016-12-27 04:57:14","2016-12-27 04:57:14"
328,"ELT2035 2","Tín hiệu và hệ thống",3,1,"2016-12-27 04:57:14","2016-12-27 04:57:14"
329,"ELT2035 7","Tín hiệu và hệ thống",3,1,"2016-12-27 04:57:14","2016-12-27 04:57:14"
330,"ELT2035 9","Tín hiệu và hệ thống",3,1,"2016-12-27 04:57:14","2016-12-27 04:57:14"
331,"ELT2035 10","Tín hiệu và hệ thống",3,1,"2016-12-27 04:57:14","2016-12-27 04:57:14"
332,"INT1003 2","Tin học cơ sở 1",2,1,"2016-12-27 04:57:17","2016-12-27 04:57:17"
333,"INT1003 6","Tin học cơ sở 1",2,1,"2016-12-27 04:57:17","2016-12-27 04:57:17"
334,"INT1003 3","Tin học cơ sở 1",2,1,"2016-12-27 04:57:17","2016-12-27 04:57:17"
335,"INT1003 14","Tin học cơ sở 1",2,1,"2016-12-27 04:57:17","2016-12-27 04:57:17"
336,"INT1003 13","Tin học cơ sở 1",2,1,"2016-12-27 04:57:17","2016-12-27 04:57:17"
337,"INT1003 10","Tin học cơ sở 1",2,1,"2016-12-27 04:57:17","2016-12-27 04:57:17"
338,"INT1003 12","Tin học cơ sở 1",2,1,"2016-12-27 04:57:17","2016-12-27 04:57:17"
339,"INT1003 7","Tin học cơ sở 1",2,1,"2016-12-27 04:57:17","2016-12-27 04:57:17"
340,"INT1003 4","Tin học cơ sở 1",2,1,"2016-12-27 04:57:17","2016-12-27 04:57:17"
341,"INT1003 1","Tin học cơ sở 1",2,1,"2016-12-27 04:57:17","2016-12-27 04:57:17"
342,"INT1003 9","Tin học cơ sở 1",2,1,"2016-12-27 04:57:17","2016-12-27 04:57:17"
343,"INT1003 8","Tin học cơ sở 1",2,1,"2016-12-27 04:57:17","2016-12-27 04:57:17"
344,"INT1003 5","Tin học cơ sở 1",2,1,"2016-12-27 04:57:17","2016-12-27 04:57:17"
345,"INT1003 11","Tin học cơ sở 1",2,1,"2016-12-27 04:57:19","2016-12-27 04:57:19"
346,"INT1006 1","Tin học cơ sở 4",3,1,"2016-12-27 04:57:22","2016-12-27 04:57:22"
347,"INT1006 3","Tin học cơ sở 4",3,1,"2016-12-27 04:57:22","2016-12-27 04:57:22"
348,"INT1006 6","Tin học cơ sở 4",3,1,"2016-12-27 04:57:22","2016-12-27 04:57:22"
349,"INT1006 8","Tin học cơ sở 4",3,1,"2016-12-27 04:57:22","2016-12-27 04:57:22"
350,"INT1006 5","Tin học cơ sở 4",3,1,"2016-12-27 04:57:22","2016-12-27 04:57:22"
351,"INT1006 7","Tin học cơ sở 4",3,1,"2016-12-27 04:57:22","2016-12-27 04:57:22"
352,"INT1006 2","Tin học cơ sở 4",3,1,"2016-12-27 04:57:22","2016-12-27 04:57:22"
353,"INT1006 4","Tin học cơ sở 4",3,1,"2016-12-27 04:57:22","2016-12-27 04:57:22"
354,"ELT 2029 2","Toán trong Công nghệ",3,1,"2016-12-27 04:57:25","2016-12-27 04:57:25"
355,"ELT 2029 1","Toán trong Công nghệ",3,1,"2016-12-27 04:57:25","2016-12-27 04:57:25"
356,"MAT1100 1","Tối ưu hóa",2,1,"2016-12-27 04:57:26","2016-12-27 04:57:26"
357,"MAT1100 2","Tối ưu hóa",2,1,"2016-12-27 04:57:26","2016-12-27 04:57:26"
358,"INT3401","Trí tuệ nhân tạo",3,1,"2016-12-27 04:57:26","2016-12-27 04:57:26"
359,"ELT3043 1","Truyền thông",3,1,"2016-12-27 04:57:26","2016-12-27 04:57:26"
360,"ELT3043 2","Truyền thông",3,1,"2016-12-27 04:57:26","2016-12-27 04:57:26"
361,"INT3305 2","Truyền thông đa phương tiện",3,1,"2016-12-27 04:57:27","2016-12-27 04:57:27"
362,"INT3305 1","Truyền thông đa phương tiện",3,1,"2016-12-27 04:57:27","2016-12-27 04:57:27"
363,"ELT3067 2","Truyền thông quang",3,1,"2016-12-27 04:57:27","2016-12-27 04:57:27"
364,"ELT3067 1","Truyền thông quang",3,1,"2016-12-27 04:57:27","2016-12-27 04:57:27"
365,"ELT3057 1","Truyền thông số và mã hóa",3,1,"2016-12-27 04:57:28","2016-12-27 04:57:28"
366,"ELT3057 2","Truyền thông số và mã hóa",3,1,"2016-12-27 04:57:28","2016-12-27 04:57:28"
367,"POL1001 5","Tư tưởng Hồ Chí Minh",2,1,"2016-12-27 04:57:28","2016-12-27 04:57:28"
368,"POL1001 8","Tư tưởng Hồ Chí Minh",2,1,"2016-12-27 04:57:28","2016-12-27 04:57:28"
369,"POL1001 1","Tư tưởng Hồ Chí Minh",2,1,"2016-12-27 04:57:28","2016-12-27 04:57:28"
370,"POL1001 6","Tư tưởng Hồ Chí Minh",2,1,"2016-12-27 04:57:28","2016-12-27 04:57:28"
371,"POL1001 7","Tư tưởng Hồ Chí Minh",2,1,"2016-12-27 04:57:28","2016-12-27 04:57:28"
372,"POL1001 4","Tư tưởng Hồ Chí Minh",2,1,"2016-12-27 04:57:28","2016-12-27 04:57:28"
373,"POL1001 3","Tư tưởng Hồ Chí Minh",2,1,"2016-12-27 04:57:28","2016-12-27 04:57:28"
374,"POL1001 2","Tư tưởng Hồ Chí Minh",2,1,"2016-12-27 04:57:28","2016-12-27 04:57:28"
375,"EMA 3071 1","Ứng dụng máy tính trong đo lường và điều khiển",3,1,"2016-12-27 04:57:31","2016-12-27 04:57:31"
376,"EPN3035 1","Vật liệu bán dẫn cấu trúc nanô",2,1,"2016-12-27 04:57:31","2016-12-27 04:57:31"
377,"EPN3052","Vật liệu gốm kỹ thuật",2,1,"2016-12-27 04:57:31","2016-12-27 04:57:31"
378,"EPN3037 1","Vật liệu nanô sinh học",2,1,"2016-12-27 04:57:32","2016-12-27 04:57:32"
379,"EPN3038 1","Vật liệu quang tử hữu cơ nanô",2,1,"2016-12-27 04:57:32","2016-12-27 04:57:32"
380,"EPN2014 1","Vật lý bán dẫn và linh kiện",2,1,"2016-12-27 04:57:32","2016-12-27 04:57:32"
381,"PHY1105 1","Vật lý hiện đại",2,1,"2016-12-27 04:57:32","2016-12-27 04:57:32"
382,"EPN2050","Vật lý phân tử",3,1,"2016-12-27 04:57:32","2016-12-27 04:57:32"
383,"EPN3039 1","Vật lý và công nghệ laser",4,1,"2016-12-27 04:57:33","2016-12-27 04:57:33"
384,"EMA 3084 1","Vi xử lý và vi điều khiển",3,1,"2016-12-27 04:57:33","2016-12-27 04:57:33"
385,"MAT1101 2","Xác suất thống kê",3,1,"2016-12-27 04:57:33","2016-12-27 04:57:33"
386,"MAT1101 1","Xác suất thống kê",3,1,"2016-12-27 04:57:33","2016-12-27 04:57:33"
387,"MAT1101 5","Xác suất thống kê",3,1,"2016-12-27 04:57:33","2016-12-27 04:57:33"
388,"MAT1101 3","Xác suất thống kê",3,1,"2016-12-27 04:57:33","2016-12-27 04:57:33"
389,"MAT1101 4","Xác suất thống kê",3,1,"2016-12-27 04:57:33","2016-12-27 04:57:33"
390,"EMA2050 1","Xác suất thống kê ứng dụng",3,1,"2016-12-27 04:57:35","2016-12-27 04:57:35"
391,"EMA2050 2","Xác suất thống kê ứng dụng",3,1,"2016-12-27 04:57:35","2016-12-27 04:57:35"
392,"INT3406 1","Xử lý ngôn ngữ tự nhiên",3,1,"2016-12-27 04:57:35","2016-12-27 04:57:35"
393,"INT3406 2","Xử lý ngôn ngữ tự nhiên",3,1,"2016-12-27 04:57:35","2016-12-27 04:57:35"
